{
  "name": "kapusta-jquery.sparkline",
  "main": "dist/jquery.sparkline.min.js",
  "ignore": [
    "Changelog.txt",
    "Gruntfile.js",
    "package.json",
    ".gitignore",
    "bower.json",
    "package.json",
    "src"
  ],
  "_release": "b01f02abf8",
  "_resolution": {
    "type": "branch",
    "branch": "master",
    "commit": "b01f02abf8be64d1293ec90cc949ce651a72d14e"
  },
  "_source": "http://DEV-ECM-APP:8082/jmorales/relayfoods-jquery.sparkline.git",
  "_target": "*",
  "_originalSource": "http://DEV-ECM-APP:8082/jmorales/relayfoods-jquery.sparkline.git"
}